Brand,GPU_Model,Gen,Perf_Tier,Launch_date,Video_Title,Youtube_URL,Gen_Sort
NVIDIA,GTX 1060,10xx,60,19 07 2016,GTX 1060 Benchmarks and Review: Nvidia Strikes Back,https://www.youtube.com/watch?v=yU8W0v79MtE,nvidia_10xx
NVIDIA,GTX 1060,10xx,60,19 07 2016,Nvidia GTX 1060 Review - RX 480 Killer?,https://www.youtube.com/watch?v=mF4S5ZaXdgE,nvidia_10xx
NVIDIA,GTX 1060,10xx,60,19 07 2016,No Founder's Editions... What now? - Gigabyte G1 Gaming GTX 1060 (6GB) Review,https://www.youtube.com/watch?v=UIHduhKkt3U,nvidia_10xx
NVIDIA,GTX 1060,10xx,60,19 07 2016,Nvidia GeForce GTX 1060 Review: Faster Than RX 480 and GTX 980?,https://www.youtube.com/watch?v=WtWIuaGsrjg,nvidia_10xx
NVIDIA,GTX 1060,10xx,60,19 07 2016,GTX 1060 Review + Benchmarks vs RX 480!,https://www.youtube.com/watch?v=Kh0aK4q7Foo,nvidia_10xx
NVIDIA,GTX 1070,10xx,70,10 06 2016,EVGA GTX 1070 SC Review & Overclocking Benchmarks,https://www.youtube.com/watch?v=697Fzb5ircM,nvidia_10xx
NVIDIA,GTX 1070,10xx,70,10 06 2016,MSI GTX 1070 GAMING X/Z Review - How GOOD is it??,https://www.youtube.com/watch?v=rfisvPuu8QU,nvidia_10xx
NVIDIA,GTX 1070,10xx,70,10 06 2016,"NVIDIA GeForce GTX 1070 Review vs. 1080, 970, 390X",https://www.youtube.com/watch?v=4yq7VVW76VY,nvidia_10xx
NVIDIA,GTX 1070,10xx,70,10 06 2016,Nvidia GeForce GTX 1070 Review: Can It Really Match Titan X?,https://www.youtube.com/watch?v=epHr7Z_6nLo,nvidia_10xx
NVIDIA,GTX 1070,10xx,70,10 06 2016,Nvidia GTX 1070 Performance Review - The new 1440p sweet spot?,https://www.youtube.com/watch?v=rkiZdSBux9E,nvidia_10xx
NVIDIA,GTX 1080,10xx,80,27 05 2016,GTX 1080 Founders Edition Review & Benchmark,https://www.youtube.com/watch?v=ZdfAo9p9Q2k,nvidia_10xx
NVIDIA,GTX 1080,10xx,80,27 05 2016,Nvidia GTX 1080 Performance Review - The New King,https://www.youtube.com/watch?v=2-61Zn4Sb8Q,nvidia_10xx
NVIDIA,GTX 1080,10xx,80,27 05 2016,Nvidia GeForce GTX 1080 Review: The New GPU King,https://www.youtube.com/watch?v=-ZG54Da2pMM,nvidia_10xx
NVIDIA,GTX 1080,10xx,80,27 05 2016,"ASUS GTX 1080 Strix Review - ""I wanna go fast!""",https://www.youtube.com/watch?v=UVlT_VFI0VU,nvidia_10xx
NVIDIA,GTX 1080,10xx,80,27 05 2016,GIGABYTE G1 GAMING - GTX 1080 Review,https://www.youtube.com/watch?v=ilArkYmDYEI,nvidia_10xx
NVIDIA,GTX 1080 Ti,10xx,80 Ti,10 03 2017,NVidia GTX 1080 Ti Founders Edition Review & Thermal Analysis,https://www.youtube.com/watch?v=BipVR5-YM_Y,nvidia_10xx
NVIDIA,GTX 1080 Ti,10xx,80 Ti,10 03 2017,"Nvidia GeForce GTX 1080 Ti Review [20 games tested @ 1080p, 1440p & 4K]",https://www.youtube.com/watch?v=D5r7151k2S0,nvidia_10xx
NVIDIA,GTX 1080 Ti,10xx,80 Ti,10 03 2017,GTX 1080 Ti Review! The Best GPU for 4K 60fps Gaming!,https://www.youtube.com/watch?v=cmjnT0wmCBo,nvidia_10xx
NVIDIA,GTX 1080 Ti,10xx,80 Ti,10 03 2017,The Greatest GPU of All Time: NVIDIA GTX 1080 Ti & GTX 1080 2024 Revisit & History,https://www.youtube.com/watch?v=ghT7G_9xyDU,nvidia_10xx
NVIDIA,GTX 1080 Ti,10xx,80 Ti,10 03 2017,GTX 1080 Ti Review - AMAZING,https://www.youtube.com/watch?v=L34ZkAF9q9w,nvidia_10xx
NVIDIA,RTX 2060,20xx,60,15 01 2019,Nvidia GeForce RTX 2060 Review: Ray Tracing For The Masses?,https://www.youtube.com/watch?v=9mxjV3cuB-c,nvidia_20xx
NVIDIA,RTX 2060,20xx,60,15 01 2019,RTX 2060 Review - Finally A Reason to Buy RTX?,https://www.youtube.com/watch?v=KPGYC6ndZZU,nvidia_20xx
NVIDIA,RTX 2060,20xx,60,15 01 2019,"NVIDIA RTX 2060 6GB Review: Overclocking, Ray-Tracing, Thermals",https://www.youtube.com/watch?v=b4Kfrc3kk_c,nvidia_20xx
NVIDIA,RTX 2060,20xx,60,15 01 2019,Why would you even…? - Nvidia GeForce RTX 2060 Review,https://www.youtube.com/watch?v=fCTieiaSMYA,nvidia_20xx
NVIDIA,RTX 2060,20xx,60,15 01 2019,"RTX 2060 Review, Did Nvidia Screw Us? The Possible End of Our GeForce Day One Coverage",https://www.youtube.com/watch?v=otvIXprL2LU,nvidia_20xx
NVIDIA,RTX 2060 Super,20xx,60 Super,9 07 2019,Nvidia GeForce RTX 2070 Super & 2060 Super Review,https://www.youtube.com/watch?v=dGpzf0uHuCc,nvidia_20xx
NVIDIA,RTX 2060 Super,20xx,60 Super,9 07 2019,NVIDIA RTX 2070 Super & 2060 Super Review: Killing Radeon VII,https://www.youtube.com/watch?v=a5-vCnUC7bM,nvidia_20xx
NVIDIA,RTX 2060 Super,20xx,60 Super,9 07 2019,Trouble For RX 5700? RTX 2060 Super & RTX 2070 Super Review,https://www.youtube.com/watch?v=hCSTAEG-_uI,nvidia_20xx
NVIDIA,RTX 2070,20xx,70,17 10 2018,Buy THIS Instead - RTX 2070 Review,https://www.youtube.com/watch?v=5CbqEKWGblE,nvidia_20xx
NVIDIA,RTX 2070,20xx,70,17 10 2018,"GeForce RTX 2070 Review, 20 Game Benchmark Breakdown",https://www.youtube.com/watch?v=RAcsxZfROY8,nvidia_20xx
NVIDIA,RTX 2070,20xx,70,17 10 2018,"EVGA RTX 2070 Review & Overclocking vs. GTX 970, 1070, & More",https://www.youtube.com/watch?v=FPombfzp7qw,nvidia_20xx
NVIDIA,RTX 2070,20xx,70,17 10 2018,Nvidia GeForce RTX 2070 Review: The Digital Foundry Verdict,https://www.youtube.com/watch?v=vMQK1YIbA7g,nvidia_20xx
NVIDIA,RTX 2070,20xx,70,17 10 2018,NVIDIA RTX 2070 Review - One MESSED UP Launch!,https://www.youtube.com/watch?v=isdJJUmpNJ4,nvidia_20xx
NVIDIA,RTX 2070 Super,20xx,70 Super,9 07 2019,Nvidia’s New SUPER Cards! - RTX 2060 & 2070 SUPER Review,https://www.youtube.com/watch?v=bnEPBcCkM2Y,nvidia_20xx
NVIDIA,RTX 2070 Super,20xx,70 Super,9 07 2019,PNY RTX 2070 Super Review - TechteamGB,https://www.youtube.com/watch?v=9QSo2WH6Lm4,nvidia_20xx
NVIDIA,RTX 2070 Super,20xx,70 Super,9 07 2019,We Need to Talk About the RTX 2070 Super,https://www.youtube.com/watch?v=qKzVZhfCkDU,nvidia_20xx
NVIDIA,RTX 2080,20xx,80,20 09 2018,This Seems Rushed... - GeForce RTX Review,https://www.youtube.com/watch?v=o1DoG6uTYBg,nvidia_20xx
NVIDIA,RTX 2080,20xx,80,20 09 2018,"RTX 2080 Founders Edition Review, Overclocking, & Benchmarks",https://www.youtube.com/watch?v=jUM_eINGUl4,nvidia_20xx
NVIDIA,RTX 2080,20xx,80,20 09 2018,"Nvidia GeForce RTX 2080 Super Review, We Miss The 1080 Ti",https://www.youtube.com/watch?v=cxuoDyjemdA,nvidia_20xx
NVIDIA,RTX 2080,20xx,80,20 09 2018,Too Good for Turing - MSI's RTX 2080 Gaming X Trio Tested!,https://www.youtube.com/watch?v=lVfhtALejUQ,nvidia_20xx
NVIDIA,RTX 2080,20xx,80,20 09 2018,Nvidia's RTX 2080 Series Review Breakdown,https://www.youtube.com/watch?v=Ny4ksthFzpk,nvidia_20xx
NVIDIA,RTX 2080 Super,20xx,80 Super,23 07 2019,AVOID This One? RTX 2080 Super Review & Gaming Benchmarks,https://www.youtube.com/watch?v=kM4DIjEdGCE,nvidia_20xx
NVIDIA,RTX 2080 Super,20xx,80 Super,23 07 2019,"NVIDIA RTX 2080 Super Review: We Get It, NVIDIA, You Can Make a 1080 Ti",https://www.youtube.com/watch?v=Qeb3IhsZSCM,nvidia_20xx
NVIDIA,RTX 2080 Super,20xx,80 Super,23 07 2019,Nvidia RTX 2080 SUPER Review - with MSI's Gaming X Trio!,https://www.youtube.com/watch?v=XTmSP_DBopY,nvidia_20xx
NVIDIA,RTX 2080 Ti,20xx,80 Ti,27 09 2018,Nvidia GeForce RTX 2080/ RTX 2080 Ti Review: True Next-Gen Graphics Architecture?,https://www.youtube.com/watch?v=pgEI4tzh0dc,nvidia_20xx
NVIDIA,RTX 2080 Ti,20xx,80 Ti,27 09 2018,"GeForce RTX 2080 & 2080 Ti Review, I Was WRONG!",https://www.youtube.com/watch?v=dLjQR0UFUd0,nvidia_20xx
NVIDIA,RTX 2080 Ti,20xx,80 Ti,27 09 2018,RTX 2080 Ti & RTX 2080 Review - Benchmarks & OVERCLOCKING!,https://www.youtube.com/watch?v=4r8g1NaWDBQ,nvidia_20xx
NVIDIA,RTX 3050,30xx,50,27 01 2022,NVIDIA Needs to STOP - RTX 3050 & Misleading Branding,https://www.youtube.com/watch?v=LoPfkaSKIVo,nvidia_30xx
NVIDIA,RTX 3050,30xx,50,27 01 2022,Is the Cheapest RTX GPU Worth It? RTX 3050 Review,https://www.youtube.com/watch?v=eob0o3wUqIw,nvidia_30xx
NVIDIA,RTX 3050,30xx,50,27 01 2022,NVIDIA GeForce RTX 3050 GPU Review & Benchmarks,https://www.youtube.com/watch?v=r2NNegA77uA,nvidia_30xx
NVIDIA,RTX 3050,30xx,50,27 01 2022,"Nvidia GeForce RTX 3050 Review, The Bare Minimum Edition",https://www.youtube.com/watch?v=kXGnLjwbOBY,nvidia_30xx
NVIDIA,RTX 3050,30xx,50,27 01 2022,Your next GPU - RTX 3050,https://www.youtube.com/watch?v=SlobQZECwxE,nvidia_30xx
NVIDIA,RTX 3060,30xx,60,25 02 2021,NVIDIA RTX 3060 GPU Review & Benchmarks: Aaand It's Gone,https://www.youtube.com/watch?v=3C-RoDtqdJ8,nvidia_30xx
NVIDIA,RTX 3060,30xx,60,25 02 2021,I'm still mad… but buy it anyway - RTX 3060 Review,https://www.youtube.com/watch?v=kAJAViPWR_8,nvidia_30xx
NVIDIA,RTX 3060,30xx,60,25 02 2021,"Nvidia GeForce RTX 3060 Review, Better Late Than Never Right?",https://www.youtube.com/watch?v=8rz32GVndEM,nvidia_30xx
NVIDIA,RTX 3060,30xx,60,25 02 2021,My SALTY Review of the NVIDIA RTX 3060…,https://www.youtube.com/watch?v=H1DApIvOCMw,nvidia_30xx
NVIDIA,RTX 3060,30xx,60,25 02 2021,NVIDIA RTX 3060 Review - Time to Upgrade GTX 1060 & GTX 960?,https://www.youtube.com/watch?v=Ayge2grIeDE,nvidia_30xx
NVIDIA,RTX 3060 Ti,30xx,60 Ti,2 12 2020,"Nvidia GeForce RTX 3060 Ti Review: Faster than 2080 Super, Easily Beats 1080 Ti",https://www.youtube.com/watch?v=JfASASNLgIk,nvidia_30xx
NVIDIA,RTX 3060 Ti,30xx,60 Ti,2 12 2020,"Merry Christmas, scalpers! - RTX 3060 Ti Review",https://www.youtube.com/watch?v=oGyWz866AoM,nvidia_30xx
NVIDIA,RTX 3060 Ti,30xx,60 Ti,2 12 2020,"NVIDIA GeForce RTX 3060 Ti Founders Edition Review: Gaming, Thermals, Noise, & Power Benchmarks",https://www.youtube.com/watch?v=t9H2PfYDFok,nvidia_30xx
NVIDIA,RTX 3070,30xx,70,29 10 2020,RTX 3070 Review - Worth the $500?,https://www.youtube.com/watch?v=Mya3ZvVRTRg,nvidia_30xx
NVIDIA,RTX 3070,30xx,70,29 10 2020,Nvidia GeForce RTX 3070 Review: Is It Really As Fast As 2080 Ti?,https://www.youtube.com/watch?v=ul8F0MmRpmY,nvidia_30xx
NVIDIA,RTX 3070,30xx,70,29 10 2020,I'm DONE covering for NVIDIA - RTX 3070 Review,https://www.youtube.com/watch?v=3XaOeLPztN4,nvidia_30xx
NVIDIA,RTX 3070,30xx,70,29 10 2020,"NVIDIA GeForce RTX 3070 Founders Edition Review: Gaming, Thermals, Noise, & Power Benchmarks",https://www.youtube.com/watch?v=NbZDERlshbQ,nvidia_30xx
NVIDIA,RTX 3070,30xx,70,29 10 2020,GeForce RTX 3070 Benchmark Review,https://www.youtube.com/watch?v=UFAfOqTzc18,nvidia_30xx
NVIDIA,RTX 3070 Ti,30xx,70 Ti,10 06 2021,PLEASE Don't Waste Your Money! - Nvidia RTX 3070 Review & Overclocking! (Gameplay Benchmarks),https://www.youtube.com/watch?v=ThfeEjogy4Y,nvidia_30xx
NVIDIA,RTX 3070 Ti,30xx,70 Ti,10 06 2021,People Will Literally Fight Over This - RTX 3070 Ti Review,https://www.youtube.com/watch?v=zC0TbZq_oIU,nvidia_30xx
NVIDIA,RTX 3070 Ti,30xx,70 Ti,10 06 2021,Gaslighting GPU Buyers: NVIDIA RTX 3070 Ti Review & Benchmarks,https://www.youtube.com/watch?v=dQJwjxUB0LU,nvidia_30xx
NVIDIA,RTX 3080,30xx,80,17 09 2020,Nvidia GeForce RTX 3080 Review,https://www.youtube.com/watch?v=csSmiaR3RVE,nvidia_30xx
NVIDIA,RTX 3080,30xx,80,17 09 2020,Nvidia GeForce RTX 3080 Review: Brute Force Power Delivers Huge Performance,https://www.youtube.com/watch?v=k7FlXu9dAMU,nvidia_30xx
NVIDIA,RTX 3080,30xx,80,17 09 2020,My Nvidia RTX 3080 Review!,https://www.youtube.com/watch?v=HybxSfUtvgY,nvidia_30xx
NVIDIA,RTX 3080,30xx,80,17 09 2020,"NVIDIA GeForce RTX 3080 Founders Edition Review: Gaming, Thermals, Noise, & Power Benchmarks",https://www.youtube.com/watch?v=oTeXh9x0sUc,nvidia_30xx
NVIDIA,RTX 3080,30xx,80,17 09 2020,"Nvidia, you PROMISED! - RTX 3080 Review",https://www.youtube.com/watch?v=AG_ZHi3tuyk,nvidia_30xx
NVIDIA,RTX 3080 Ti,30xx,80 Ti,3 06 2021,NVIDIA RTX 3080 Ti Review - NOT a New Hope for Gamers,https://www.youtube.com/watch?v=qHqesWMY9OU,nvidia_30xx
NVIDIA,RTX 3080 Ti,30xx,80 Ti,3 06 2021,"Nvidia GeForce RTX 3080 Ti Review: Big Performance, Extreme Price Tag",https://www.youtube.com/watch?v=HI7xjsX9o9M,nvidia_30xx
NVIDIA,RTX 3080 Ti,30xx,80 Ti,3 06 2021,"GeForce RTX 3080 Ti Review, Nvidia Fails to Read the Room",https://www.youtube.com/watch?v=n4_4SKtq_Gs,nvidia_30xx
NVIDIA,RTX 3090,30xx,90,24 09 2020,RTX 3090 Review - 33 Million Pixel Gaming,https://www.youtube.com/watch?v=jgLOfZaV3Ac,nvidia_30xx
NVIDIA,RTX 3090,30xx,90,24 09 2020,"GeForce RTX 3090 Review, Insert 8K Gaming Meme!",https://www.youtube.com/watch?v=PTs1gHqvcjs,nvidia_30xx
NVIDIA,RTX 3090,30xx,90,24 09 2020,NVIDIA RTX 3090 Founders Edition Review: How to Nuke Your Launch,https://www.youtube.com/watch?v=Xgs-VbqsuKo,nvidia_30xx
NVIDIA,RTX 3090,30xx,90,24 09 2020,Making Nvidia’s CEO mad - RTX 3090 Review,https://www.youtube.com/watch?v=YjcxrfEVhc8,nvidia_30xx
NVIDIA,RTX 3090,30xx,90,24 09 2020,RTX 3090 Review – The 3080 is Too Fast?,https://www.youtube.com/watch?v=HeiPdaTQTfo,nvidia_30xx
NVIDIA,RTX 3090 Ti,30xx,90 Ti,29 03 2022,Nvidia missed the memo - GeForce RTX 3090 Ti,https://www.youtube.com/watch?v=DDcA0c-Ahq0,nvidia_30xx
NVIDIA,RTX 3090 Ti,30xx,90 Ti,29 03 2022,"EVGA RTX 3090 Ti FTW3 Review & Benchmarks: Power, Thermals, & Overclocking",https://www.youtube.com/watch?v=HWS9G2WT42Q,nvidia_30xx
NVIDIA,RTX 3090 Ti,30xx,90 Ti,29 03 2022,Milking Buyers' Wallets: Nvidia GeForce RTX 3090 Ti Review,https://www.youtube.com/watch?v=CE8ssnSqgZg,nvidia_30xx
NVIDIA,RTX 4060,40xx,60,29 06 2023,"FINALLY a CHEAP GPU for CREATORS, RIGHT?! | Zotac RTX 4060 vs RTX 3060 Review",https://www.youtube.com/watch?v=SLm8qq9v8Q4,nvidia_40xx
NVIDIA,RTX 4060,40xx,60,29 06 2023,The RTX 4060 Review is here!! - $299? (Should you buy?),https://www.youtube.com/watch?v=By7plJMS780,nvidia_40xx
NVIDIA,RTX 4060,40xx,60,29 06 2023,Nvidia Clown Themselves… Again! GeForce RTX 4060 Review,https://www.youtube.com/watch?v=7ae7XrIbmao,nvidia_40xx
NVIDIA,RTX 4060,40xx,60,29 06 2023,NVIDIA GeForce RTX 4060 GPU Review & Benchmarks | Prices Keep Falling,https://www.youtube.com/watch?v=WS0sfOb_sVM,nvidia_40xx
NVIDIA,RTX 4060,40xx,60,29 06 2023,I’m actually getting MAD now. – RTX 4060 Review,https://www.youtube.com/watch?v=O0srjKOOR4g,nvidia_40xx
NVIDIA,RTX 4060 Ti,40xx,60 Ti,24 05 2023,THANK YOU NVIDIA!! - RTX 4060 Ti Review,https://www.youtube.com/watch?v=_B6vtMa-US4,nvidia_40xx
NVIDIA,RTX 4060 Ti,40xx,60 Ti,24 05 2023,Laughably Bad at $400: Nvidia GeForce RTX 4060 Ti Review,https://www.youtube.com/watch?v=WLk8xzePDg8,nvidia_40xx
NVIDIA,RTX 4060 Ti,40xx,60 Ti,24 05 2023,Do Not Buy: NVIDIA GeForce RTX 4060 Ti 8GB GPU Review & Benchmarks,https://www.youtube.com/watch?v=Y2b0MWGwK_U,nvidia_40xx
NVIDIA,RTX 4070,40xx,70,13 04 2023,Is The RTX 4070 Worth It? 🤔 | Gigabyte Gaming OC Review & Gameplay Benchmarks,https://www.youtube.com/watch?v=zIy1oYNv3mk,nvidia_40xx
NVIDIA,RTX 4070,40xx,70,13 04 2023,RTX 4070 Review (Asus Dual) - Peak Mid at $599. Nuff said.,https://www.youtube.com/watch?v=BQPiN_Cx0xU,nvidia_40xx
NVIDIA,RTX 4070,40xx,70,13 04 2023,So I tried the new RTX 4070..,https://www.youtube.com/watch?v=GZIoWlGlH_M,nvidia_40xx
NVIDIA,RTX 4070,40xx,70,13 04 2023,NVIDIA RTX 4070 Founders Edition GPU Review & Benchmarks,https://www.youtube.com/watch?v=uZHDq-LEGzw,nvidia_40xx
NVIDIA,RTX 4070,40xx,70,13 04 2023,I’m Dreading this Review – RTX 4070,https://www.youtube.com/watch?v=nkh9VGCY8as,nvidia_40xx
NVIDIA,RTX 4070 Super,40xx,70 Super,17 01 2024,The RTX 4070 Super Review - Things are FINALLY looking Up!,https://www.youtube.com/watch?v=9GdmDvG_rQY,nvidia_40xx
NVIDIA,RTX 4070 Super,40xx,70 Super,17 01 2024,Nvidia GeForce RTX 4070 Super Review - Finally Good Value?,https://www.youtube.com/watch?v=HT8UmPrQYvk,nvidia_40xx
NVIDIA,RTX 4070 Ti,40xx,70 Ti,5 01 2023,Nvidia is lying to you - RTX 4070 Ti Full Review,https://www.youtube.com/watch?v=jKmmugnOEME,nvidia_40xx
NVIDIA,RTX 4070 Ti,40xx,70 Ti,5 01 2023,"$800 Meh, Nvidia GeForce RTX 4070 Ti Review & Benchmarks",https://www.youtube.com/watch?v=1mE5aveN4Bo,nvidia_40xx
NVIDIA,RTX 4070 Ti,40xx,70 Ti,5 01 2023,NVIDIA's Rip-Off - RTX 4070 Ti Review & Benchmarks,https://www.youtube.com/watch?v=N-FMPbm5CNM,nvidia_40xx
NVIDIA,RTX 4070 Ti Super,40xx,70 Ti Super,24 01 2024,NVIDIA GeForce RTX 4070 Ti Super GPU Review & Benchmarks: Power Efficiency & Gaming,https://www.youtube.com/watch?v=QruyaA0ZrLk,nvidia_40xx
NVIDIA,RTX 4070 Ti Super,40xx,70 Ti Super,24 01 2024,"Nvidia GeForce RTX 4070 Ti Super Review, Now With 16GB Of VRAM!",https://www.youtube.com/watch?v=ePbKc6THvCM,nvidia_40xx
NVIDIA,RTX 4080,40xx,80,16 11 2022,"This is NOT OK, NVIDIA! RTX 4080 Review & Benchmarks",https://www.youtube.com/watch?v=T8lS4v3-Nyg,nvidia_40xx
NVIDIA,RTX 4080,40xx,80,16 11 2022,NVIDIA RTX 4080 Review - Before You Buy..,https://www.youtube.com/watch?v=dI7RbdwlhCU,nvidia_40xx
NVIDIA,RTX 4080,40xx,80,16 11 2022,RTX 4080 Is Here! Nvidia GeForce RTX 4080 Review & Benchmarks,https://www.youtube.com/watch?v=l6vn6Cpd4Yc,nvidia_40xx
NVIDIA,RTX 4080,40xx,80,16 11 2022,"Nvidia GeForce RTX 4080 Review: Great Performance, Poor Pricing",https://www.youtube.com/watch?v=3bupXxjx0Js,nvidia_40xx
NVIDIA,RTX 4080,40xx,80,16 11 2022,NVIDIA’s Lost It: RTX 4080 16GB GPU Review & Benchmarks,https://www.youtube.com/watch?v=i2_xTUshy94,nvidia_40xx
NVIDIA,RTX 4080 Super,40xx,80 Super,31 01 2024,"""New"" But Not New - Nvidia GeForce RTX 4080 Super Review",https://www.youtube.com/watch?v=fyUZ1cp4RnI,nvidia_40xx
NVIDIA,RTX 4080 Super,40xx,80 Super,31 01 2024,More Price Cut Than Upgrade: Nvidia GeForce RTX 4080 Super Review - Is The Price Finally Right?,https://www.youtube.com/watch?v=WCIEzrFwKzM,nvidia_40xx
NVIDIA,RTX 4080 Super,40xx,80 Super,31 01 2024,"Lame, But Cheaper: NVIDIA RTX 4080 Super Review, Benchmark Comparison, & Value Discussion",https://www.youtube.com/watch?v=8p6FhTBol18,nvidia_40xx
NVIDIA,RTX 4090,40xx,90,12 10 2022,Beast Mode – NVIDIA RTX 4090 Review,https://www.youtube.com/watch?v=kWGQ432O3Z4,nvidia_40xx
NVIDIA,RTX 4090,40xx,90,12 10 2022,"NVIDIA GeForce RTX 4090 Founders Edition Review & Benchmarks: Gaming, Power, & Thermals",https://www.youtube.com/watch?v=j9vC9NBL8zo,nvidia_40xx
NVIDIA,RTX 4090,40xx,90,12 10 2022,"GeForce RTX 4090 Review, Nvidia's Stupid Fast GPU!",https://www.youtube.com/watch?v=aQklDR8nv8U,nvidia_40xx
NVIDIA,RTX 4090,40xx,90,12 10 2022,Nvidia GeForce RTX 4090 Review: The Next Level In Graphics Performance,https://www.youtube.com/watch?v=glz5B-4IlKE,nvidia_40xx
NVIDIA,RTX 4090,40xx,90,12 10 2022,Is the fastest GPU ALWAYS the best? RTX 4090 Review,https://www.youtube.com/watch?v=THxkY59_xko,nvidia_40xx
NVIDIA,RTX 5050,50xx,50,25 06 2025,"I Got Nvidia's Best New ""Budget"" GPU to See if it's Actually that Bad",https://www.youtube.com/watch?v=p89yUxn1E6k,nvidia_50xx
NVIDIA,RTX 5050,50xx,50,25 06 2025,Is NVIDIA Even Trying - GeForce RTX 5050 Gaming GPU Review,https://www.youtube.com/watch?v=OibVY-q2SAw,nvidia_50xx
NVIDIA,RTX 5050,50xx,50,25 06 2025,"NVIDIA's Exploitation | Waste of Sand RTX ""5050"" for $250",https://www.youtube.com/watch?v=caU0RG0mNHg,nvidia_50xx
NVIDIA,RTX 5050,50xx,50,25 06 2025,Nvidia Did It Again…. RTX 5050 Review,https://www.youtube.com/watch?v=B93XAEHlGvI,nvidia_50xx
NVIDIA,RTX 5050,50xx,50,25 06 2025,RTX 5060 8GB - The Gameplay Review at 1080p!,https://www.youtube.com/watch?v=lf6dj9OYKE4,nvidia_50xx
NVIDIA,RTX 5060,50xx,60,19 05 2025,RTX 5060 Review... No wonder NVIDIA tried to stop us from talking about it!,https://www.youtube.com/watch?v=fGn-_qj76sk,nvidia_50xx
NVIDIA,RTX 5060,50xx,60,19 05 2025,GeForce RTX 5060 Review - Nvidia Didn't Want You to See This,https://www.youtube.com/watch?v=2e1a2-VxxvQ,nvidia_50xx
NVIDIA,RTX 5060,50xx,60,19 05 2025,The RTX 5060 Is Better AND Worse Than You Think,https://www.youtube.com/watch?v=9K6VIhA7atw,nvidia_50xx
NVIDIA,RTX 5060,50xx,60,19 05 2025,Forbidden Review: NVIDIA RTX 5060 GPU Benchmarks,https://www.youtube.com/watch?v=Z0jjxWRcp_0,nvidia_50xx
NVIDIA,RTX 5060 Ti,50xx,60 Ti,16 04 2025,"GeForce RTX 5060 Ti 16GB Review & Benchmarks - Not Great, Not Terrible",https://www.youtube.com/watch?v=B6qZwJsp5X4,nvidia_50xx
NVIDIA,RTX 5060 Ti,50xx,60 Ti,16 04 2025,"More Marketing BS: NVIDIA GeForce RTX 5060 Ti Review & Benchmarks vs GTX 1060, 4060 Ti, & More",https://www.youtube.com/watch?v=Cskegn1-D7s,nvidia_50xx
NVIDIA,RTX 5060 Ti,50xx,60 Ti,16 04 2025,I finally understand where we went wrong... 5060Ti Full Review!,https://www.youtube.com/watch?v=vBVLnN5UGvk,nvidia_50xx
NVIDIA,RTX 5060 Ti,50xx,60 Ti,16 04 2025,If you came here for 50x better performance... - Nvidia RTX 5060Ti 16GB,https://www.youtube.com/watch?v=IvzECuzFvp0,nvidia_50xx
NVIDIA,RTX 5060 Ti,50xx,60 Ti,16 04 2025,"RTX 5060 Ti 8GB - Instantly Obsolete, Nvidia Screws Gamers",https://www.youtube.com/watch?v=AdZoa6Gzl6s,nvidia_50xx
NVIDIA,RTX 5070,50xx,70,5 03 2025,Nvidia RTX 5070 Review + Benchmarks: DLSS 4 Doesn't Deliver 4090 Performance,https://www.youtube.com/watch?v=nldUI2yQomw,nvidia_50xx
NVIDIA,RTX 5070,50xx,70,5 03 2025,"Worst 70 Series Ever, GeForce RTX 5070 Review",https://www.youtube.com/watch?v=qPGDVh_cQb0,nvidia_50xx
NVIDIA,RTX 5070,50xx,70,5 03 2025,This is a 4090 Killer… and I’m a Liar - RTX 5070 Review,https://www.youtube.com/watch?v=rUaztYdgoj0,nvidia_50xx
NVIDIA,RTX 5070,50xx,70,5 03 2025,NVIDIA is Selling Lies | RTX 5070 Founders Edition Review & Benchmarks,https://www.youtube.com/watch?v=ntSylZ1Bp1Y,nvidia_50xx
NVIDIA,RTX 5070,50xx,70,5 03 2025,This isn't going to age well... RTX 5070 FE Review…,https://www.youtube.com/watch?v=UxvmfEZkvc8,nvidia_50xx
NVIDIA,RTX 5070 Ti ,50xx,70 Ti,20 02 2025,RTX 5070Ti - I don't trust what I am being told one bit!,https://www.youtube.com/watch?v=zhSA5LYA8XU,nvidia_50xx
NVIDIA,RTX 5070 Ti ,50xx,70 Ti,20 02 2025,RTX 5070 Ti - The GOOD and The BAD,https://www.youtube.com/watch?v=wfy84tWnhS8,nvidia_50xx
NVIDIA,RTX 5070 Ti ,50xx,70 Ti,20 02 2025,"GeForce RTX 5070 Ti Review, If Only It Was Really $750…",https://www.youtube.com/watch?v=UMPK1SeMEZM,nvidia_50xx
NVIDIA,RTX 5070 Ti ,50xx,70 Ti,20 02 2025,Do Not Buy: NVIDIA RTX 5070 Ti GPU Absurdity (Benchmarks & Review),https://www.youtube.com/watch?v=PhtVic3Vm0Y,nvidia_50xx
NVIDIA,RTX 5070 Ti ,50xx,70 Ti,20 02 2025,Nvidia Didn’t Want to Make the RTX 5070 Ti - Full Review,https://www.youtube.com/watch?v=NnhU2ZvHb10,nvidia_50xx
NVIDIA,RTX 5080,50xx,80,30 01 2025,Why Does the RTX 5080 Suck?,https://www.youtube.com/watch?v=0L1Uyw22UAw,nvidia_50xx
NVIDIA,RTX 5080,50xx,80,30 01 2025,"Nvidia GeForce RTX 5080 Review, 1440p & 4K Gaming Benchmarks",https://www.youtube.com/watch?v=sEu6k-MdZgc,nvidia_50xx
NVIDIA,RTX 5080,50xx,80,30 01 2025,"NVIDIA, this is a joke right? – RTX 5080.",https://www.youtube.com/watch?v=d7k4XWg-TcA,nvidia_50xx
NVIDIA,RTX 5080,50xx,80,30 01 2025,"NVIDIA GeForce RTX 5080 Founders Edition Review & Benchmarks vs 5090, 7900 XTX, 4080, & More",https://www.youtube.com/watch?v=nShh_j4s2YE,nvidia_50xx
NVIDIA,RTX 5080,50xx,80,30 01 2025,I Can’t Put a Positive Spin on the RTX 5080 - Full Review,https://www.youtube.com/watch?v=Fbg7ChsjmEA,nvidia_50xx
NVIDIA,RTX 5090,50xx,90,30 01 2025,NVIDIA is Taking a Risk with this Generation: The Blackwell GeForce RTX 5090 Review and Benchmarks,https://www.youtube.com/watch?v=nryZwnVYpns,nvidia_50xx
NVIDIA,RTX 5090,50xx,90,30 01 2025,The RTX 5090 Experience.,https://www.youtube.com/watch?v=5YJNFREQHiw,nvidia_50xx
NVIDIA,RTX 5090,50xx,90,30 01 2025,Full in-Depth RTX 5090 Review!,https://www.youtube.com/watch?v=ulUZ7bf_MXI,nvidia_50xx
NVIDIA,RTX 5090,50xx,90,30 01 2025,"Nvidia GeForce RTX 5090 Review, 1440p & 4K Gaming Benchmarks",https://www.youtube.com/watch?v=eA5lFiP3mrs,nvidia_50xx
NVIDIA,RTX 5090,50xx,90,30 01 2025,"NVIDIA GeForce RTX 5090 Founders Edition Review & Benchmarks: Gaming, Thermals, & Power",https://www.youtube.com/watch?v=VWSlOC_jiLQ,nvidia_50xx
AMD,Radeon RX 460,400,60,8 08 2016,RX 460 Review: Polaris 11 Analysed In-Depth!,https://www.youtube.com/watch?v=_HfizETJtsY,amd_400&500
AMD,Radeon RX 460,400,60,8 08 2016,AMD RX 460 Review - Asus ROG Strix,https://www.youtube.com/watch?v=xeXGMkMCVzs,amd_400&500
AMD,Radeon RX 460,400,60,8 08 2016,RX 460,https://www.youtube.com/watch?v=b_ahq7GSfoY,amd_400&500
AMD,Radeon RX 460,400,60,8 08 2016,What the f*** is wrong with GPU pricing? - XFX RX 460 Review,https://www.youtube.com/watch?v=OnB4e4wk2CI,amd_400&500
AMD,Radeon RX 470,400,70,4 08 2016,Sapphire NITRO+ RX 470 Review - The 1080p Sweet Spot?,https://www.youtube.com/watch?v=8I8MP8-Ipkg,amd_400&500
AMD,Radeon RX 470,400,70,4 08 2016,AMD Radeon RX 470 Benchmarks Review - New Cost Per Frame King?,https://www.youtube.com/watch?v=s7t6lN2-bK8,amd_400&500
AMD,Radeon RX 470,400,70,4 08 2016,AMD Radeon RX 470 Review: It's Fast! But What About CrossFire?,https://www.youtube.com/watch?v=cWS02ajdR4Q,amd_400&500
AMD,Radeon RX 470,400,70,4 08 2016,How Powerful is AMD's RX 470?,https://www.youtube.com/watch?v=PFSL3pzv82M,amd_400&500
AMD,Radeon RX 480,400,80,29 06 2016,Is the AMD RX 480 the new mid-range king??,https://www.youtube.com/watch?v=lRDgiWBfs5I,amd_400&500
AMD,Radeon RX 480,400,80,29 06 2016,AMD RX 480 Review & Benchmarks,https://www.youtube.com/watch?v=-y6Ky_pCawQ,amd_400&500
AMD,Radeon RX 480,400,80,29 06 2016,AMD Radeon RX 480 Review: The Best Value 1080p60 GPU?,https://www.youtube.com/watch?v=YTku-GqDSWg,amd_400&500
AMD,Radeon RX 480,400,80,29 06 2016,RX 480 Review - The New Value King,https://www.youtube.com/watch?v=2GdfDCq86Gk,amd_400&500
AMD,Radeon RX 560,500,60,18 04 2017,Dodgy Alert! AMD launches slower RX 560 with SAME NAME!,https://www.youtube.com/watch?v=Nz5Mgim0Z80,amd_400&500
AMD,Radeon RX 560,500,60,18 04 2017,RX 560 - Which Card Should You Buy? - 8 Card Review - 2GB vs 4GB,https://www.youtube.com/watch?v=237L9UGQtGk,amd_400&500
AMD,Radeon RX 560,500,60,18 04 2017,Should You Buy the RX 560?,https://www.youtube.com/watch?v=SKGDl_T0nJ4,amd_400&500
AMD,Radeon RX 560,500,60,18 04 2017,AMD Radeon RX 560 in 5 of the NEWEST games 2018 Review!,https://www.youtube.com/watch?v=_fYtV67NPo8,amd_400&500
AMD,Radeon RX 570,500,70,18 04 2017,AMD’s RX570 4GB – Worth Buying in 2018?,https://www.youtube.com/watch?v=xH37gHQEyVY,amd_400&500
AMD,Radeon RX 570,500,70,18 04 2017,The 1080p 60FPS PC Gaming Value KING - MSI Armor AMD Radeon RX 570 8GB Review,https://www.youtube.com/watch?v=uHM4c22JJeI,amd_400&500
AMD,Radeon RX 570,500,70,18 04 2017,AMD RX 570 Review - Sapphire Nitro+ Edition,https://www.youtube.com/watch?v=VBHS6sLnwhg,amd_400&500
AMD,Radeon RX 570,500,70,18 04 2017,Radeon RX 570 Review: The Best Cheap GPU For 1080p60 Gaming?,https://www.youtube.com/watch?v=Z-SmvMykfR4,amd_400&500
AMD,Radeon RX 580,500,80,18 04 2017,"Radeon RX 580, Worth Buying in 2018? Asrock's New Phantom Gaming RX 580",https://www.youtube.com/watch?v=vYQiVsvmvwc,amd_400&500
AMD,Radeon RX 580,500,80,18 04 2017,"Can the RX 580 Dethrone The GTX 1060? Yep, We're Doing It Again!",https://www.youtube.com/watch?v=H6st6QZTDxE,amd_400&500
AMD,Radeon RX 580,500,80,18 04 2017,RX 580 & 570 Review - AMD Strikes Back... at AMD???,https://www.youtube.com/watch?v=BWqF5fDAZqA,amd_400&500
AMD,Radeon RX 580,500,80,18 04 2017,AMD Radeon RX 580 Review: How Much Faster Is 2nd Gen Polaris?,https://www.youtube.com/watch?v=hTnFKwK_DaQ,amd_400&500
AMD,Radeon RX 590,500,90,15 11 2018,AMD Sapphire Nitro+ RX590 Review - It's a CRACKING card!,https://www.youtube.com/watch?v=JmfNtunmBsQ,amd_400&500
AMD,Radeon RX 590,500,90,15 11 2018,"XFX RX 590 Fatboy Review: Competitive Silicon, Weak Cooler",https://www.youtube.com/watch?v=BBN2KDiw-V8,amd_400&500
AMD,Radeon RX 590,500,90,15 11 2018,I'm not reviewing this. - Radeon RX 590,https://www.youtube.com/watch?v=xEileqxmags,amd_400&500
AMD,Radeon RX 590,500,90,15 11 2018,Radeon RX 590 Review - AMD Strikes BACK... Sort Of,https://www.youtube.com/watch?v=utEpgpYywY0,amd_400&500
AMD,Radeon RX 5500 XT,5000,50 XT,12 12 2019,AMD RX 5500 XT Review - Budget 1080p Gaming Powerhouse?,https://www.youtube.com/watch?v=7pSPa0Q-ec8,amd_5000
AMD,Radeon RX 5500 XT,5000,50 XT,12 12 2019,Is the RX 5500 XT Worth it One Month Later...? (Sapphire Pulse 4GB and ASUS R.O.G 8GB Review),https://www.youtube.com/watch?v=TXSeVBCR6yg,amd_5000
AMD,Radeon RX 5500 XT,5000,50 XT,12 12 2019,"AMD Radeon RX 5500 XT 8GB Review, More Like 'RX 5500 Super'",https://www.youtube.com/watch?v=04SwpnoCbnI,amd_5000
AMD,Radeon RX 5500 XT,5000,50 XT,12 12 2019,"AMD RX 5500 XT GPU Review: 4GB vs. 8GB Benchmarks, Thermals, & Noise",https://www.youtube.com/watch?v=KH8jBffBOuE,amd_5000
AMD,Radeon RX 5500 XT,5000,50 XT,12 12 2019,Is the RADEON 5500XT worth the price?,https://www.youtube.com/watch?v=r2d24PnqiOE,amd_5000
AMD,Radeon RX 5500 XT,5000,50 XT,12 12 2019,Sapphire Pulse RX 5500 XT Review,https://www.youtube.com/watch?v=e0RKu_gyKOA,amd_5000
AMD,Radeon RX 5600 XT,5000,60 XT,21 01 2020,The New Polaris | RX 5600 XT,https://www.youtube.com/watch?v=uiKImSacj0o,amd_5000
AMD,Radeon RX 5600 XT,5000,60 XT,21 01 2020,AMD RX 5600 XT Review – Gaming & Overclocking,https://www.youtube.com/watch?v=-Lcyyl2kQL8,amd_5000
AMD,Radeon RX 5600 XT,5000,60 XT,21 01 2020,It’s time to upgrade your GPU - RX 5600 XT,https://www.youtube.com/watch?v=rKn-vWDMkwQ,amd_5000
AMD,Radeon RX 5600 XT,5000,60 XT,21 01 2020,"AMD Radeon RX 5600 XT Review, Navi at $280, RTX 2060 down to $300",https://www.youtube.com/watch?v=qcAwR49zRCg,amd_5000
AMD,Radeon RX 5600 XT,5000,60 XT,21 01 2020,AMD Tricked Everyone! Radeon RX 5600 XT Review and Benchmarks,https://www.youtube.com/watch?v=P5MiBoPpCW4,amd_5000
AMD,Radeon RX 5600 XT,5000,60 XT,21 01 2020,"The Best Value Radeon RX 5600 XT, The Entry-Level Roundup",https://www.youtube.com/watch?v=PCi9c8KqpNk,amd_5000
AMD,Radeon RX 5700 XT,5000,70 XT,7 07 2019,"Sapphire RX 5700 XT Nitro+ Review: In-Depth Thermals, Noise, Overclocking, & Power",https://www.youtube.com/watch?v=kh1DeO4yz2s,amd_5000
AMD,Radeon RX 5700 XT,5000,70 XT,7 07 2019,AMD RX 5700 XT & RX 5700 Review - Benchmarks Are Finally Here!,https://www.youtube.com/watch?v=U1y-J0p-uJc,amd_5000
AMD,Radeon RX 5700 XT,5000,70 XT,7 07 2019,"Asus ROG Strix RX 5700 XT Review, Is The Most Expensive 5700 XT The Best?",https://www.youtube.com/watch?v=Fd7bTccL9fo,amd_5000
AMD,Radeon RX 5700 XT,5000,70 XT,7 07 2019,"AMD Radeon RX 5700 XT Review: Thermals, Noise, Gaming, & Broken Drivers",https://www.youtube.com/watch?v=-SAWtKEIYbw,amd_5000
AMD,Radeon RX 5700 XT,5000,70 XT,7 07 2019,Why NOT to buy Radeon 5700 XT… Yet – Our Review,https://www.youtube.com/watch?v=3bmQPx9EJLA,amd_5000
AMD,Radeon RX 5700 XT,5000,70 XT,7 07 2019,"AMD Radeon RX 5700 XT & RX 5700 Review, New Value Champions!",https://www.youtube.com/watch?v=rz47WqRDDK4,amd_5000
AMD,Radeon RX 6500 XT,6000,50 XT,19 01 2022,This RX 6500 XT Comparison Was A Terrible Idea…,https://www.youtube.com/watch?v=GL5zY1DIrok,amd_6000
AMD,Radeon RX 6500 XT,6000,50 XT,19 01 2022,"Worst GPU: Radeon RX 6500 XT Review, Corner Cutting Edition",https://www.youtube.com/watch?v=M5_oM3Ow_CI,amd_6000
AMD,Radeon RX 6500 XT,6000,50 XT,19 01 2022,WTF AMD!? RX 6500 XT Review,https://www.youtube.com/watch?v=ArW4-mkGHSw,amd_6000
AMD,Radeon RX 6500 XT,6000,50 XT,19 01 2022,A GPU you might be able to buy… But shouldn’t. - AMD Radeon RX 6500 XT,https://www.youtube.com/watch?v=KYp6pEDm4E8,amd_6000
AMD,Radeon RX 6500 XT,6000,50 XT,19 01 2022,Why Everyone is WRONG About the RX 6500XT,https://www.youtube.com/watch?v=ICnz6E7vux0,amd_6000
AMD,Radeon RX 6600 XT,6000,60 XT,11 08 2021,Mid-Range is Dead: AMD RX 6600 XT Review & Benchmarks (PowerColor Fighter),https://www.youtube.com/watch?v=VFHOZN5AV6E,amd_6000
AMD,Radeon RX 6600 XT,6000,60 XT,11 08 2021,Is the 6600XT REALLY as bad as reviewers say??,https://www.youtube.com/watch?v=8cTquLSUP18,amd_6000
AMD,Radeon RX 6600 XT,6000,60 XT,11 08 2021,AMD Radeon RX 6600 XT Review - The Little GPU that Couldn't,https://www.youtube.com/watch?v=5r67vt8-_Xg,amd_6000
AMD,Radeon RX 6600 XT,6000,60 XT,11 08 2021,"AMD Radeon RX 6600 XT Review: Worse Than Expected, But Can It Be Saved?",https://www.youtube.com/watch?v=_tDYu5sBtFs,amd_6000
AMD,Radeon RX 6600 XT,6000,60 XT,11 08 2021,AMD wants HOW MUCH for 1080p Gaming?? - Radeon RX 6600 XT Review,https://www.youtube.com/watch?v=v0HcvMoMjy8,amd_6000
AMD,Radeon RX 6700 XT,6000,70 XT,18 03 2021,AMD Are In BIG Trouble 🤦‍♂️ RX 6700 XT Review - Powercolor Hellhound Gameplay Benchmarks Ray Tracing,https://www.youtube.com/watch?v=zjohRuvXtLw,amd_6000
AMD,Radeon RX 6700 XT,6000,70 XT,18 03 2021,"AMD Radeon RX 6700 XT Review, A Worthy 5700 XT Successor?",https://www.youtube.com/watch?v=PJboWJJFk9I,amd_6000
AMD,Radeon RX 6700 XT,6000,70 XT,18 03 2021,"Okay, Last Chance - AMD RX 6700 XT Review",https://www.youtube.com/watch?v=xs4wSysBDxM,amd_6000
AMD,Radeon RX 6700 XT,6000,70 XT,18 03 2021,AMD Radeon RX 6700 XT GPU Review: Literally Anything Will Sell,https://www.youtube.com/watch?v=oj8SuJ2Mb6A,amd_6000
AMD,Radeon RX 6700 XT,6000,70 XT,18 03 2021,AMD has got to be kidding - Radeon 6700 XT Review,https://www.youtube.com/watch?v=5wO2vUZv4zw,amd_6000
AMD,Radeon RX 6800 XT,6000,80 XT,18 11 2020,"Sapphire Radeon RX 6800 XT Nitro+ Review, Power, Thermals, Overclocking & Gaming",https://www.youtube.com/watch?v=LzjRPbSIW4I,amd_6000
AMD,Radeon RX 6800 XT,6000,80 XT,18 11 2020,AMD RX 6800 XT Review - The RTX 3080 Killer?,https://www.youtube.com/watch?v=5bKaJDbKVt0,amd_6000
AMD,Radeon RX 6800 XT,6000,80 XT,18 11 2020,"AMD Radeon RX 6800 XT GPU Review: Gaming, Thermals, Noise, & Smart Access Memory Benchmarks",https://www.youtube.com/watch?v=jLVGL7aAYgY,amd_6000
AMD,Radeon RX 6800 XT,6000,80 XT,18 11 2020,"AMD Radeon RX 6800 XT Benchmark Review, Smart Access Memory, Thermals & Gaming",https://www.youtube.com/watch?v=ZtxrrrkkTjc,amd_6000
AMD,Radeon RX 6800 XT,6000,80 XT,18 11 2020,AMD did NOT disappoint me - RX 6800 Series Review,https://www.youtube.com/watch?v=oUzCn-ITJ_o,amd_6000
AMD,Radeon RX 6900 XT,6000,90 XT,8 12 2020,AMD 6900XT... Something isn’t right…,https://www.youtube.com/watch?v=-PtTUnj4od4,amd_6000
AMD,Radeon RX 6900 XT,6000,90 XT,8 12 2020,"Radeon RX 6900 XT Review, AMD's Fight For the Top",https://www.youtube.com/watch?v=nxQ0-QtAtxA,amd_6000
AMD,Radeon RX 6900 XT,6000,90 XT,8 12 2020,AMD RX 6900 XT Review - I Can't Recommend This.,https://www.youtube.com/watch?v=0LuIGI_9guQ,amd_6000
AMD,Radeon RX 6900 XT,6000,90 XT,8 12 2020,"AMD Radeon RX 6900 XT GPU Review & Benchmarks: Undervolting, Gaming, Power, Noise",https://www.youtube.com/watch?v=1ITdex_JrBM,amd_6000
AMD,Radeon RX 6900 XT,6000,90 XT,8 12 2020,Radeon RX 6900 XT Review & Benchmarks vs RTX 3090!,https://www.youtube.com/watch?v=FxoPz1DO0Sg,amd_6000
AMD,Radeon RX 6950 XT,6000,95 XT,10 05 2022,AMD kept their best GPU a secret - 6950XT Review,https://www.youtube.com/watch?v=GsY96xFWeN0,amd_6000
AMD,Radeon RX 6950 XT,6000,95 XT,10 05 2022,$1250 AMD Radeon RX 6950 XT GPU Review & Benchmarks (Sapphire Nitro+ Pure),https://www.youtube.com/watch?v=WSTmeZXHWyk,amd_6000
AMD,Radeon RX 6950 XT,6000,95 XT,10 05 2022,I Can't Figure Out What's Wrong With This Gigabyte RX 6950 XT,https://www.youtube.com/watch?v=XlT5WPP0o3Y,amd_6000
AMD,Radeon RX 6950 XT,6000,95 XT,10 05 2022,"Radeon RX 6950 XT vs. GeForce RTX 3080 Ti, RTX 3090 & RTX 3090 Ti: Benchmarks, Power & Thermals",https://www.youtube.com/watch?v=KugxMJFhx7k,amd_6000
AMD,Radeon RX 6950 XT,6000,95 XT,10 05 2022,Buying A New 6950 XT OC Formula for a Friend: Experiencing Wonder Once Again!,https://www.youtube.com/watch?v=BSaznwwRG-8,amd_6000
AMD,Radeon RX 7600 XT,7000,60 XT,24 01 2024,"AMD, you NEED to hire me! - AMD Radeon RX 7600 Review",https://www.youtube.com/watch?v=4Zsaj_9Zpjc,amd_7000
AMD,Radeon RX 7600 XT,7000,60 XT,24 01 2024,AMD cuts price of RX 7600... not because of NVIDIA but because of Intel! $270 GPU battle!,https://www.youtube.com/watch?v=6UMFUqTUbEw,amd_7000
AMD,Radeon RX 7600 XT,7000,60 XT,24 01 2024,AMD has a new Graphics Card too!! - Radeon RX 7600 XT,https://www.youtube.com/watch?v=sJCtMfKbsv8,amd_7000
AMD,Radeon RX 7600 XT,7000,60 XT,24 01 2024,Radeon RX 7600 XT Review: Can AMD Eliminate The RTX 4060?,https://www.youtube.com/watch?v=Lcb1dpe2IhE,amd_7000
AMD,Radeon RX 7600 XT,7000,60 XT,24 01 2024,AMD Radeon RX 7600 XT GPU Benchmarks & Review: Power Efficiency & Gaming,https://www.youtube.com/watch?v=1aopp8XolXE,amd_7000
AMD,Radeon RX 7700 XT,7000,70 XT,6 09 2023,Already Below MSRP! But is That Enough? - AMD Radeon RX 7700 XT Review,https://www.youtube.com/watch?v=FI7xiNZLKTo,amd_7000
AMD,Radeon RX 7700 XT,7000,70 XT,6 09 2023,PLEASE Don't Waste Your Money! - AMD RX 7700 XT Review & Gameplay Benchmarks,https://www.youtube.com/watch?v=cLHXXtUZBCo,amd_7000
AMD,Radeon RX 7700 XT,7000,70 XT,6 09 2023,"AMD Radeon RX 7700 XT Review, It's The 7900 XT All Over Again!",https://www.youtube.com/watch?v=_LEBEqsCwiM,amd_7000
AMD,Radeon RX 7700 XT,7000,70 XT,6 09 2023,Thank you for not spitting in my face – AMD Radeon RX 7700 XT & 7800 XT Review,https://www.youtube.com/watch?v=gggehz298L8,amd_7000
AMD,Radeon RX 7700 XT,7000,70 XT,6 09 2023,"AMD RX 7700 XT GPU Review & Benchmarks vs. 7800 XT, 6800 XT, RTX 4060 Ti, & More",https://www.youtube.com/watch?v=PpxMKtbI8G8,amd_7000
AMD,Radeon RX 7800 XT,7000,80 XT,6 09 2023,Sapphire Nitro + 7800 XT Quick Review,https://www.youtube.com/watch?v=IJ_C7EZeWFY,amd_7000
AMD,Radeon RX 7800 XT,7000,80 XT,6 09 2023,AMD 7800 XT: Your Next 5-year GPU!,https://www.youtube.com/watch?v=AdWv3GwS-kY,amd_7000
AMD,Radeon RX 7800 XT,7000,80 XT,6 09 2023,"AMD Radeon RX 7800 XT Review - 33 Games, 1080p, 1440p & 4K Tested",https://www.youtube.com/watch?v=G9XmJd6cGeA,amd_7000
AMD,Radeon RX 7800 XT,7000,80 XT,6 09 2023,"Radeon RX 7800 XT Review, AMD Finally Worked It Out!",https://www.youtube.com/watch?v=x4TW8fHVcxw,amd_7000
AMD,Radeon RX 7800 XT,7000,80 XT,6 09 2023,"AMD Radeon RX 7800 XT GPU Review & Benchmarks vs. RX 6800 XT, RTX 4070, & More",https://www.youtube.com/watch?v=8qBQ0eZEnbY,amd_7000
AMD,Radeon RX 7900 XT,7000,90 XT,13 12 2022,"AMD's Greedy Upsell: RX 7900 XT Review & Benchmarks vs. XTX, 4080, & More",https://www.youtube.com/watch?v=e7DjJR3zpCw,amd_7000
AMD,Radeon RX 7900 XT,7000,90 XT,13 12 2022,"$900 LOL, AMD Radeon RX 7900 XT Review & Benchmarks",https://www.youtube.com/watch?v=NFu7fhsGymY,amd_7000
AMD,Radeon RX 7900 XT,7000,90 XT,13 12 2022,This video will not age well... - AMD Radeon RX 7900 Series Review,https://www.youtube.com/watch?v=TBJ-vo6Ri9c,amd_7000
AMD,Radeon RX 7900 XT,7000,90 XT,13 12 2022,"Radeon RX 7900 XT Re-Review, What Should Have Been!",https://www.youtube.com/watch?v=23bVb1l6ZQo,amd_7000
AMD,Radeon RX 7900 XT,7000,90 XT,13 12 2022,"The Cheapest* AMD RX 7900 XT: Revisit Benchmarks, & Price Drops vs. 4070 Ti & More",https://www.youtube.com/watch?v=0XVdsKHBcPE,amd_7000
AMD,Radeon RX 7900 XTX,7000,90 XTX,13 12 2022,Sapphire RX 7900 XTX Nitro+... one heck of a card!,https://www.youtube.com/watch?v=XaEWPgPDF7U,amd_7000
AMD,Radeon RX 7900 XTX,7000,90 XTX,13 12 2022,Before you buy the AMD 7900 XTX..,https://www.youtube.com/watch?v=tMH9vfvos00,amd_7000
AMD,Radeon RX 7900 XTX,7000,90 XTX,13 12 2022,Nvidia was clearly wrong - AMD RX 7900 XT and XTX,https://www.youtube.com/watch?v=OjaE2g4VOXI,amd_7000
AMD,Radeon RX 7900 XTX,7000,90 XTX,13 12 2022,RTX 4080 Killer? Radeon RX 7900 XTX Review & Benchmarks,https://www.youtube.com/watch?v=4UFiG7CwpHk,amd_7000
AMD,Radeon RX 7900 XTX,7000,90 XTX,13 12 2022,"AMD Radeon RX 7900 XTX Review & GPU Benchmarks: Gaming, Thermals, Power, & Noise",https://www.youtube.com/watch?v=We71eXwKODw,amd_7000
AMD,Radeon RX 9060 XT,9000,60 XT,5 06 2025,"And just like that, the 5060 is irrelevant - 9060XT Review",https://www.youtube.com/watch?v=MjKs8KjbTqQ,amd_9000
AMD,Radeon RX 9060 XT,9000,60 XT,5 06 2025,RX 9060 XT 16GB - The Gameplay Review at 1440p!,https://www.youtube.com/watch?v=uCIcYgRJUtc,amd_9000
AMD,Radeon RX 9060 XT,9000,60 XT,5 06 2025,AMD GPUs are Better at RTX Now.. — RX 9060 XT 16GB Review!,https://www.youtube.com/watch?v=DJf0qCHZHs0,amd_9000
AMD,Radeon RX 9060 XT,9000,60 XT,5 06 2025,"AMD Radeon RX 9060 XT 16GB Review, Gaming Benchmarks!",https://www.youtube.com/watch?v=-LAH5vh-Cpg,amd_9000
AMD,Radeon RX 9060 XT,9000,60 XT,5 06 2025,AMD Needs to Just Shut Up: AMD Radeon RX 9060 XT 16GB GPU Review,https://www.youtube.com/watch?v=O9u3UPkqp_0,amd_9000
AMD,Radeon RX 9060 XT,9000,60 XT,5 06 2025,This Was Supposed to be a Happy Day - AMD Radeon 9060XT Review,https://www.youtube.com/watch?v=j6yHMCTb-YA,amd_9000
AMD,Radeon RX 9060 XT,9000,60 XT,5 06 2025,AMD Radeon RX 9060 XT 16GB Review vs RTX 5060 Ti vs... PlayStation 5 Pro?,https://www.youtube.com/watch?v=acE6VJ0ujA4,amd_9000
AMD,Radeon RX 9060 XT,9000,60 XT,5 06 2025,RX 9060 XT 16GB Review - is it actually good value!?,https://www.youtube.com/watch?v=VciMks_Yd9k,amd_9000
AMD,Radeon RX 9060 XT,9000,60 XT,5 06 2025,Should you buy RX 9060 XT 16GB?,https://www.youtube.com/watch?v=q0k6StODt7g,amd_9000
AMD,Radeon RX 9060 XT,9000,60 XT,5 06 2025,The RX 9060 XT 16GB - 20 Games Tested at 1440p!,https://www.youtube.com/watch?v=3oTMRmxeMMk,amd_9000
AMD,Radeon RX 9070 ,9000,70,6 03 2025,"Incredibly Efficient: AMD RX 9070 GPU Review & Benchmarks vs. 9070 XT, RTX 5070",https://www.youtube.com/watch?v=LhsvrhedA9E,amd_9000
AMD,Radeon RX 9070,9000,70,6 03 2025,"AMD Swings and Misses: Radeon RX 9070 Review, Benchmarks vs. RTX 5070",https://www.youtube.com/watch?v=gWIIA-a9Q9A,amd_9000
AMD,Radeon RX 9070,9000,70,6 03 2025,RX 9070 and 9070XT Details - this is actually BAD for NVIDIA!,https://www.youtube.com/watch?v=01DEKGYiSTo,amd_9000
AMD,Radeon RX 9070,9000,70,6 03 2025,RX 9070 16GB - The Gameplay Review at 1440p!,https://www.youtube.com/watch?v=2fClSYjOKxM,amd_9000
AMD,Radeon RX 9070 ,9000,70,6 03 2025,AMD Radeon RX 9070 XT/ RX 9070 Review vs RTX 5070 Ti/ RTX 5070 - Is RDNA 4 Truly Competitive?,https://www.youtube.com/watch?v=vfc3nhus12k,amd_9000
AMD,Radeon RX 9070 ,9000,70,6 03 2025,RX 9070 XT vs RX 9070...A Budget Gamer's Perspective,https://www.youtube.com/watch?v=W8OCZ7CT5Fo,amd_9000
AMD,Radeon RX 9070 XT,9000,70 XT,6 03 2025,"Ok, Nvidia GPUs are kinda Pointless Now --- RX 9070 XT REVIEW!!",https://www.youtube.com/watch?v=yJXGGtIvFKM,amd_9000
AMD,Radeon RX 9070 XT,9000,70 XT,6 03 2025,RTX 5070 Ti vs RX 9070 XT - DLSS 4 vs FSR 4 Performance Compared,https://www.youtube.com/watch?v=uDligqbbPGs,amd_9000
AMD,Radeon RX 9070 XT,9000,70 XT,6 03 2025,"The Radeon RX 9070 XT is Now Faster, AMD FineWine",https://www.youtube.com/watch?v=aWfMibZ8t00,amd_9000
AMD,Radeon RX 9070 XT,9000,70 XT,6 03 2025,"AMD Radeon RX 9070 XT GPU Review & Benchmarks vs. 5070 Ti, 5070, 7900 XT (Sapphire Pulse)",https://www.youtube.com/watch?v=yP0axVHdP-U,amd_9000
AMD,Radeon RX 9070 XT,9000,70 XT,6 03 2025,"AMD Radeon RX 9070 XT Review, Have They Finally Done It?",https://www.youtube.com/watch?v=VQB0i0v2mkg,amd_9000
AMD,Radeon RX 9070 XT,9000,70 XT,6 03 2025,"AMD, I Could Kiss You - 9070 and 9070 XT Review",https://www.youtube.com/watch?v=ptp5suRDdQQ,amd_9000
AMD,Radeon RX 9070 XT,9000,70 XT,6 03 2025,AMD 9070XT has entered the chat! Sorry NVIDIA,https://www.youtube.com/watch?v=AHpIGcABFbc,amd_9000
AMD,Radeon RX 9070 XT,9000,70 XT,6 03 2025,AMD Radeon RX 9070 XT Review! The BEST AMD Graphics Card?,https://www.youtube.com/watch?v=0eweKFJ-D7U,amd_9000
AMD,Radeon RX 9070 XT,9000,70 XT,6 03 2025,RX 9070 XT vs RTX 5070 Ti - Big Comparison with New Drivers | 1440p & 4K,https://www.youtube.com/watch?v=Rnc7uHs1tnw,amd_9000
AMD,Radeon RX 9070 XT,9000,70 XT,6 03 2025,The Truth About the RX 9070 XT - One Month Later,https://www.youtube.com/watch?v=UjmvnuXxL5E,amd_9000
INTEL,Arc A310,A,3,28 09 2022,This New Single Slot LP ARC A310 Graphics Card Is Faster Than You Think!,https://www.youtube.com/watch?v=mm_xyZ5OMOw,intel_arcA
INTEL,Arc A310,A,3,28 09 2022,The Intel Arc A310 is AMAZING - Perfect Plex GPU,https://www.youtube.com/watch?v=coqkIj0rnfA,intel_arcA
INTEL,Arc A310,A,3,28 09 2022,The Intel ARC A310 - Is The Cheapest ARC Graphics Card Worth It?,https://www.youtube.com/watch?v=RPlxCEMtan8,intel_arcA
INTEL,Arc A310,A,3,28 09 2022,Intel Arc-A310: Surprising performance in a small package.,https://www.youtube.com/watch?v=2k1Tqxtcu5c,intel_arcA
INTEL,Arc A310,A,3,28 09 2022,Intel ARC A310 vs RX 6400 - Test in 7 Games,https://www.youtube.com/watch?v=zAWY1LjlYPc,intel_arcA
INTEL,Arc A310,A,3,28 09 2022,AV1 On Linux With The Sparkle A310 ECO,https://www.youtube.com/watch?v=zjGieJci3xE,intel_arcA
INTEL,Arc A380,A,3,14 06 2022,"Intel Arc A380 Gaming GPU Review & Benchmarks vs. AMD RX 6400, GTX 1650, & More",https://www.youtube.com/watch?v=La-dcK4h4ZU,intel_arcA
INTEL,Arc A380,A,3,14 06 2022,Intel's Budget ARC A380 Graphics Card Keeps Getting Better (and Cheaper),https://www.youtube.com/watch?v=2IWpF2-IUDI,intel_arcA
INTEL,Arc A380,A,3,14 06 2022,The Worlds First Single Slot Low Profile ARC A380 GPU! Small Foot Print Power,https://www.youtube.com/watch?v=Gfur75VRLdc,intel_arcA
INTEL,Arc A380,A,3,14 06 2022,The Arc A380 Is Finally A Pretty Good Budget GPU!,https://www.youtube.com/watch?v=dRMxqMPeVLI,intel_arcA
INTEL,Arc A380,A,3,14 06 2022,the little Arc A380 that couldn't.,https://www.youtube.com/watch?v=DFzBPHpJYN0,intel_arcA
INTEL,Arc A380,A,3,14 06 2022,Intel’s Arc A380 is full of surprises,https://www.youtube.com/watch?v=Afqc1woq5Wc,intel_arcA
INTEL,Arc A380,A,3,14 06 2022,Intel Arc A380 Gaming Graphics Card Review & Benchmarks,https://www.youtube.com/watch?v=e3o7tKRGcMY,intel_arcA
INTEL,Arc A580,A,5,10 10 2023,Intel Arc A580 ($180) vs RTX 3050 ($220) vs RX 7600 ($240),https://www.youtube.com/watch?v=x_TTVfWuk6E,intel_arcA
INTEL,Arc A580,A,5,10 10 2023,The Intel Arc B580: Midrange GPU Magic!,https://www.youtube.com/watch?v=-M1bMzVzZF0,intel_arcA
INTEL,Arc A580,A,5,10 10 2023,Intel's ARC B580 Graphics Card Isn't What I Hoped…,https://www.youtube.com/watch?v=WYY6d4Tq0go,intel_arcA
INTEL,Arc A580,A,5,10 10 2023,Intel Arc A580 vs. Radeon RX 6600 vs. GeForce RTX 3050,https://www.youtube.com/watch?v=Efy6WsgQAUk,intel_arcA
INTEL,Arc A580,A,5,10 10 2023,They Forgot to Make Graphics Cards Affordable... Intel’s $180 Arc a580 is Different,https://www.youtube.com/watch?v=dG8_00S85bA,intel_arcA
INTEL,Arc A580,A,5,10 10 2023,Is It Worth Buying Intel Arc A580 ??? Review and Test in Games,https://www.youtube.com/watch?v=vbaRTzyLIvA,intel_arcA
INTEL,Arc A580,A,5,10 10 2023,REVEALED: BUDGET GPU for Video editing! | ASROCK Intel ARC A580 Review for Content Creators,https://www.youtube.com/watch?v=XK6oVrm7Zg0,intel_arcA
INTEL,Arc A580,A,5,10 10 2023,"Intel Arc Goes Where NVIDIA Won't: A580 GPU Benchmarks & Review vs. A750, RX 6600, & More",https://www.youtube.com/watch?v=FT2yk9PL-t8,intel_arcA
INTEL,Arc A750,A,7,12 10 2022,Intel GPUs Are Here! ARC A770 & A750 Review & Benchmarks,https://www.youtube.com/watch?v=XTomqXuYK4s,intel_arcA
INTEL,Arc A750,A,7,12 10 2022,"Intel Arc A750 Limited Edition GPU Review & Benchmarks vs. AMD RX 6600, A770, & More",https://www.youtube.com/watch?v=de51aJ33dMk,intel_arcA
INTEL,Arc A750,A,7,12 10 2022,"Intel Arc A750 vs. GeForce RTX 4060, 40+ Game Benchmark @ 1080p & 1440p",https://www.youtube.com/watch?v=dVX6odo-bJ8,intel_arcA
INTEL,Arc A750,A,7,12 10 2022,NVIDIA's in TROUBLE 👉 Now THAT's a BEST-BANG-FOR-BUCK GPU! | Sparkle Intel ARC A750 CREATOR Review,https://www.youtube.com/watch?v=VhMZsD4v3CA,intel_arcA
INTEL,Arc A750,A,7,12 10 2022,Please Buy Intel GPUs. - Arc A750 & A770 Review,https://www.youtube.com/watch?v=6T9d9LM1TwY,intel_arcA
INTEL,Arc A770,A,7,12 10 2022,"Intel Arc 2024 Revisit & Benchmarks (A750, A770, A580, A380 Updated GPU Tests)",https://www.youtube.com/watch?v=w3WSqLEciEw,intel_arcA
INTEL,Arc A770,A,7,12 10 2022,Are Intel ARC Graphics Cards ACTUALLY Worth Buying? 🤔,https://www.youtube.com/watch?v=FQFQoB_T3yg,intel_arcA
INTEL,Arc A770,A,7,12 10 2022,Intel ARC A770 / A750 Graphics Review: Here Comes A New Challenger,https://www.youtube.com/watch?v=Kluz0H38Wow,intel_arcA
INTEL,Arc A770,A,7,12 10 2022,Intel Arc A770 16GB Limited Edition GPU Review & Benchmarks,https://www.youtube.com/watch?v=nEvdrbxTtVo,intel_arcA
INTEL,Arc A770,A,7,12 10 2022,Intel ARC A770 Review — The New $350 GPU King?,https://www.youtube.com/watch?v=h6R92qyjGQ4,intel_arcA
INTEL,Arc A770,A,7,12 10 2022,World's First Intel ARC PC Build! (A770),https://www.youtube.com/watch?v=ltD4TVN9wAY,intel_arcA
INTEL,Arc A770,A,7,12 10 2022,I hope it's as good as it looks - Intel Arc A770,https://www.youtube.com/watch?v=ylJC0C6zQ48,intel_arcA
INTEL,Arc A770,A,7,12 10 2022,Look What This GPU Can Do Now! Intel ARC A770 Hands On,https://www.youtube.com/watch?v=kHPYPZYqL6c,intel_arcA
INTEL,Arc B570,B,5,16 01 2025,"I Bought The Intel ARC B570, Here are my Honest Impressions.",https://www.youtube.com/watch?v=n55Ow3uEiZA,intel_arcB
INTEL,Arc B570,B,5,16 01 2025,GPUs have been SO BAD that Intel Caught Up --- Arc B570 Review,https://www.youtube.com/watch?v=wSQhoKvnt1g,intel_arcB
INTEL,Arc B570,B,5,16 01 2025,"Intel Arc B570 'Battlemage' GPU Review & Benchmarks, Low-End CPU Tests, & Efficiency",https://www.youtube.com/watch?v=m9uK4D35FlM,intel_arcB
INTEL,Arc B570,B,5,16 01 2025,Did Intel just dethrone AMD as the value GPU king? Arc B570 vs RX 6600- the Ultimate Comparison!!!,https://www.youtube.com/watch?v=EIiF2p7zf8E,intel_arcB
INTEL,Arc B570,B,5,16 01 2025,Intel Arc B570 is out! Reviewing the ASRock Challenger B570,https://www.youtube.com/watch?v=cgXFlaXeUlg,intel_arcB
INTEL,Arc B570,B,5,16 01 2025,Intel Arc B570 Review: A Budget GPU Bargain That's Too Good To Be True?,https://www.youtube.com/watch?v=1VTQ_djJKv0,intel_arcB
INTEL,Arc B570,B,5,16 01 2025,Derailing the hype train - Intel Arc B570,https://www.youtube.com/watch?v=SXGTu0EQMoA,intel_arcB
INTEL,Arc B570,B,5,16 01 2025,"Intel Arc B570 Review, The New $220 GPU! 1440p Gaming Benchmarks",https://www.youtube.com/watch?v=buJSNbVYxVA,intel_arcB
INTEL,Arc B570,B,5,16 01 2025,Intel Arc B570 Review - SHOCKING UK price!,https://www.youtube.com/watch?v=pMlPZCgsRnA,intel_arcB
INTEL,Arc B580,B,5,13 12 2024,Is This Graphics Card The Hero We Need?,https://www.youtube.com/watch?v=bjhSDXJkwUg,intel_arcB
INTEL,Arc B580,B,5,13 12 2024,Intel Arc B580 Review + Benchmarks: Great Performance + 12GB VRAM For $250!,https://www.youtube.com/watch?v=yKMigkGU8vI,intel_arcB
INTEL,Arc B580,B,5,13 12 2024,"Intel Arc B580 'Battlemage' GPU Review & Benchmarks vs. NVIDIA RTX 4060, AMD RX 7600, & More",https://www.youtube.com/watch?v=JjdCkSsLYLk,intel_arcB
INTEL,Arc B580,B,5,13 12 2024,I Bought Intel's Fastest GPU to See if It's Better Than NVIDIA,https://www.youtube.com/watch?v=dvAVBZeNJZI,intel_arcB
INTEL,Arc B580,B,5,13 12 2024,"Intel Arc B580 Review, The Best Value GPU! 1080P & 1440p Gaming Benchmarks",https://www.youtube.com/watch?v=aV_xL88vcAQ,intel_arcB
INTEL,Arc B580,B,5,13 12 2024,The Intel Arc B580 isn’t for budget gamers,https://www.youtube.com/watch?v=ovH5pZ-a0l4,intel_arcB
INTEL,Arc B580,B,5,13 12 2024,Intel ARC B580 Founders Edition Review & Thoughts - Don't Buy It,https://www.youtube.com/watch?v=qvxS8EIYerE,intel_arcB
INTEL,Arc B580,B,5,13 12 2024,THE INTEL ARC B580 IS ACTUALLY GREAT & AFFORDABLE,https://www.youtube.com/watch?v=dboPZUcTAW4,intel_arcB
INTEL,Arc B580,B,5,13 12 2024,The Truth About the Intel Arc B580 - Six Months Later,https://www.youtube.com/watch?v=gHHP2lqqrkw,intel_arcB
