model,video_id,comment_count
Radeon RX 7900 XT,-_G6-RDH3EQ,2
RTX 5070 Ti,-nQZr9RF9SQ,554
RTX 3080 Ti,-opIQVX5RUM,2471
RTX 3090,0DKVVtirNM8,2964
RTX 3060 Ti,0RGLISdef6k,123
Radeon RX 6800,1ITdex_JrBM,1532
Radeon RX 9070,2fClSYjOKxM,734
RTX 5070,3nfEkuqNX4k,3886
Radeon RX 9060 XT,3oTMRmxeMMk,200
RTX 3070,3XaOeLPztN4,8729
RTX 3060 Ti,554JXpgWqX0,1820
Radeon RX 580,5b9JqhJI-tw,9
RTX 3080 10GB,5fOpaPPCUDA,1781
RTX 3070,5nxDmoVAHs4,1831
RTX 3080 10GB,5XuoU7ZcdbA,2323
GTX 1060,64VOiNwL5ns,544
Arc A770,6T9d9LM1TwY,30
RTX 3050,6YbapEASeKA,1200
RTX 3050,7-mIllIxD2s,917
Radeon RX Vega 64,79iWkRes6a0,2
RTX 5080,83sFMTN19yM,131
RTX 4070 Ti,9FmjGG6mUAA,316
RTX 3080 12GB,_5yxzkeEDY4,696
Radeon RX 9060 XT,_oV9TKa5wIM,200
RTX 3070 Ti,A-a-wzQPZfs,7541
Arc B580,a38qB5lmFf8,200
RTX 3060,A4l0rOyBDsc,2215
Radeon RX 9060 XT,acE6VJ0ujA4,200
RTX 5060 Ti 8GB,AGBkWeGyUc4,267
RTX 2060,b4Kfrc3kk_c,1417
GTX 1080 Ti,BasEPmEaiOs,45
RTX 5090,BqtRPViQSoU,1520
Arc B570,buJSNbVYxVA,200
RTX 2060,BUxre92zqHY,34
GTX 1660,BvE4XhYq7VE,2
Radeon RX 480,CMi_LAQ5XuE,899
Arc B580,cOEhFe8qYxw,33
RTX 3090 Ti,cS7HFnNMHCw,2629
Arc B580,dboPZUcTAW4,50
Radeon RX 9070,dd64OyMydQA,25
RTX 3090 Ti,DDcA0c-Ahq0,4908
Radeon RX 9070,DEH7IoJFGxs,563
Radeon RX Vega 64,dL4IQ7ca5QY,8
RTX 3080 12GB,dznDjLAGEZA,737
RTX 3050,EDe52jHvvsM,561
Radeon RX Vega 56,F6deRlZm3HM,6
RTX 4070 Ti,FgVVrmoumcw,896
RTX 3090,FqpfYTi43TE,989
Arc B580,fr-ttoXqPF8,143
Arc A580,FT2yk9PL-t8,200
GTX 1080,FUU9ep0-07A,2
Radeon RX 6800,G4Ido0wkLi0,163
Arc B580,gfqGqj2bFj8,200
RTX 3090 Ti,GsY96xFWeN0,1893
RTX 3060,H1DApIvOCMw,8431
RTX 3070 Ti,h6C-BVR2Z2M,2367
RTX 3070,hchTNzSqfr0,3529
RTX 3050,hXvNfSNTpZ8,788
RTX 5070,hyRMPB1djTY,1450
RTX 3070,HZ48QRa4U0U,4298
RTX 3080 10GB,I98C_zTxUv8,2465
Arc B580,IaJOsMbfxZQ,200
RTX 3070 Ti,IX3p2JCkQGc,1243
RTX 4060,jVCcM7V9tME,719
RTX 3060,kAJAViPWR_8,12192
RTX 5070 Ti,Kde0wX0m9C0,1198
Radeon RX 9070 XT,kG6vYnr2Iwk,2929
Radeon RX 9070,KnL_PtQBGqk,1078
RTX 5090,lA8DphutMsY,5110
RTX 3080 10GB,lCPi4-BP6sU,1298
RTX 5060,lf6dj9OYKE4,899
Arc B570,m9uK4D35FlM,200
RTX 3080 12GB,maqLX05hMuQ,1749
GTX 1080 Ti,mCRyk0e7LMY,281
Radeon RX 6800,MkraLvCgAkc,25
GTX 1070,MWncVMd2WnQ,3
Arc A770,n0U5mav6_tU,105
RTX 3060,n15BZqDG1NQ,2608
Arc A770,N371iMe_nfA,200
Arc B570,n55Ow3uEiZA,200
Arc A770,nEvdrbxTtVo,200
RTX 5070,NnhU2ZvHb10,3785
Radeon RX Vega 56,nvauB35JJgs,5
Radeon RX 9070,nzomNQaPFSk,2368
Radeon RX 5700,O5iMF9zllro,56
RTX 5090,O6t5t8E4DMs,3259
RTX 3060 Ti,oGyWz866AoM,6312
RTX 5060,OSvyUFSIUtU,887
RTX 5070,q3fnU0eK0So,1029
RTX 5090,Q82tQJyJwgk,8908
RTX 3090,QbQoLUbgrPc,3318
Arc A770,QUMjG8b-N04,36
RTX 3080 10GB,RFtzL6YNxVk,1036
RTX 5060,Rg0Sid0T8fo,240
RTX 3070,rXhTSKjAX3k,6196
RTX 4060,sK9zdG0RBzM,29
RTX 3050,SlobQZECwxE,4318
Arc B570,SXGTu0EQMoA,200
Radeon RX 9070 XT,tHI2LyNX3ls,3013
RTX 5060,tit434Xv-s4,321
Radeon VII,TRpY22nep4I,18
Radeon RX 9060 XT,uCIcYgRJUtc,927
RTX 3090 Ti,Vgu6pLYNrPE,4265
RTX 3080 12GB,VL5PXO0yw0M,1383
RTX 5060 Ti 8GB,wlAzJigZICw,1135
Arc B580,WPanTEMERyI,200
Arc A580,x_TTVfWuk6E,200
Arc B580,xaH-cULnF68,200
RTX 5070 Ti,xg5jE1B6lHg,1171
RTX 3060 Ti,xGyba6E-Gfs,2721
RTX 5080,xpzufsxtZpA,4936
Radeon RX 5700,xRWWr5RGn7M,13
RTX 5060,y0Acn0pbbCA,1477
RTX 3090,y4fb_R5Ogw0,2290
Radeon RX 9070 XT,YhCq-9WpduQ,426
RTX 3090 Ti,YisYNBBd3Jw,2517
Radeon RX 9070 XT,yP0axVHdP-U,6014
RTX 3070 Ti,ytcr8id-__M,2252
RTX 5070,Z7I821b3YYY,647
Radeon RX 580,Z7Sw2jDMJ4A,7
RTX 3070 Ti,zC0TbZq_oIU,5421
GTX 1080,ZdfAo9p9Q2k,340
RTX 3060,zIU0p5AVYpE,2647
RTX 3090,znfQAjF3TTU,1780
RTX 3080 12GB,ZTOtqWTFSK8,235
